time (s),accX,accY,accZ,gyroX,gyroY,gyroZ,magX,magY,magZ,baroTemp,baroPressure
0:00:00,-0.160064,-0.796416,-0.599996,-0.28,-1.26,-5.88,799,-305,1386,22.94768237,1008.136026
0:00:00,-0.15982,-0.79422,-0.60268,-0.14,-1.61,-6.09,817,-317,1403,22.94768237,1008.136026
0:00:00,-0.16226,-0.794708,-0.600728,-0.21,-1.33,-6.23,805,-335,1385,22.94768237,1008.136026
0:00:00,-0.16104,-0.797636,-0.601216,0.14,-1.47,-5.88,831,-341,1396,22.94768237,1008.136026
0:00:00,-0.161772,-0.793976,-0.60146,-0.07,-1.33,-6.09,813,-343,1420,22.94768237,1008.136026
0:00:00,-0.160308,-0.79544,-0.60024,-0.14,-1.33,-6.09,811,-343,1394,22.94768237,1008.136026
0:00:00,-0.162748,-0.793976,-0.599264,-0.07,-1.47,-5.74,835,-337,1370,22.94768237,1008.136026
0:00:00,-0.159332,-0.796904,-0.600972,-0.35,-1.47,-5.81,813,-333,1388,22.94768237,1008.136026
0:00:00,-0.160308,-0.793,-0.601216,-0.07,-1.19,-5.81,817,-337,1366,22.94768237,1008.136026
0:00:00,-0.15982,-0.796416,-0.598532,0.07,-1.05,-6.02,825,-327,1405,22.94768237,1008.136026
0:00:00,-0.161528,-0.795196,-0.60146,0.21,-1.26,-5.46,808,-327,1390,22.94768237,1008.136026
0:00:00,-0.160308,-0.79544,-0.601216,0.07,-1.4,-5.74,824,-329,1379,22.94768237,1008.136026
0:00:00,-0.16226,-0.795928,-0.599264,-0.07,-1.12,-5.95,814,-329,1394,22.94768237,1008.136026
0:00:01,-0.161284,-0.794952,-0.600728,0.07,-1.47,-5.81,783,-333,1358,22.94768237,1008.136026
0:00:01,-0.161528,-0.798368,-0.60024,0.28,-1.47,-5.67,817,-343,1378,22.94768237,1008.136026
0:00:01,-0.162992,-0.796904,-0.598532,-0.07,-1.26,-5.88,819,-343,1397,22.94768237,1008.136026
0:00:01,-0.161772,-0.796172,-0.599752,-0.42,-1.47,-5.88,820,-337,1394,22.96255972,1008.238977
0:00:01,-0.160064,-0.794952,-0.602192,0.14,-1.4,-5.74,833,-339,1386,22.96255972,1008.238977
0:00:01,-0.160796,-0.794952,-0.59902,0.21,-1.33,-6.09,825,-337,1374,22.96255972,1008.238977
0:00:01,-0.161528,-0.797636,-0.600728,-0.07,-1.68,-5.95,819,-361,1386,22.96255972,1008.238977
0:00:01,-0.163236,-0.793732,-0.600972,0.14,-1.47,-6.16,809,-353,1375,22.96255972,1008.238977
0:00:01,-0.15982,-0.79788,-0.599508,-0.28,-1.47,-5.6,793,-345,1391,22.96255972,1008.238977
0:00:01,-0.162016,-0.794464,-0.60024,-0.14,-1.47,-6.09,807,-335,1381,22.96255972,1008.238977
0:00:01,-0.160552,-0.796416,-0.603412,-0.14,-1.47,-6.09,831,-321,1387,22.96255972,1008.238977
0:00:01,-0.163236,-0.794708,-0.602436,-0.28,-1.05,-5.46,817,-343,1368,22.96255972,1008.238977
0:00:01,-0.160796,-0.794952,-0.602924,-0.14,-1.61,-5.95,803,-333,1389,22.96255972,1008.238977
0:00:01,-0.162748,-0.795928,-0.60268,0.14,-1.82,-5.88,815,-333,1380,22.96255972,1008.238977
0:00:01,-0.160064,-0.79544,-0.600972,0,-1.19,-5.81,823,-327,1418,22.96255972,1008.238977
0:00:01,-0.160796,-0.79544,-0.598532,-0.14,-1.26,-5.88,820,-323,1369,22.96255972,1008.238977
0:00:01,-0.162016,-0.79544,-0.599996,0,-1.33,-5.53,819,-337,1384,22.96255972,1008.238977
0:00:01,-0.160064,-0.795196,-0.60146,-0.28,-1.26,-6.02,827,-315,1403,22.96255972,1008.238977
0:00:01,-0.161528,-0.798612,-0.59902,0.21,-1.12,-5.67,815,-337,1392,22.96255972,1008.238977
0:00:01,-0.161528,-0.796904,-0.599996,0.07,-1.47,-5.6,815,-323,1399,22.96255972,1008.238977
0:00:01,-0.160308,-0.794708,-0.600484,0,-1.54,-5.32,827,-349,1401,22.96255972,1008.238977
0:00:01,-0.16104,-0.79788,-0.60268,0.14,-1.4,-5.6,827,-341,1406,22.96255972,1008.238977
0:00:01,-0.161284,-0.795196,-0.601948,-0.28,-1.33,-6.02,813,-327,1368,22.96255972,1008.238977
0:00:01,-0.163724,-0.796416,-0.602924,0,-1.47,-6.09,821,-327,1406,22.96255972,1008.238977
0:00:01,-0.161284,-0.797392,-0.597556,-0.28,-1.47,-5.67,825,-325,1378,22.96255972,1008.238977
0:00:02,-0.160796,-0.797148,-0.600972,0.14,-1.33,-5.67,817,-337,1369,22.96255972,1008.238977
0:00:02,-0.162748,-0.796172,-0.602192,0.07,-1.12,-5.53,815,-327,1369,22.96255972,1008.213275
0:00:02,-0.15982,-0.796416,-0.60024,0.21,-1.54,-5.74,811,-339,1386,22.96255972,1008.213275
0:00:02,-0.161284,-0.794952,-0.60024,-0.35,-1.47,-5.95,809,-347,1381,22.96255972,1008.213275
0:00:02,-0.163724,-0.798124,-0.60268,0.07,-1.4,-5.53,799,-339,1376,22.96255972,1008.213275
0:00:02,-0.159088,-0.79544,-0.600728,0.14,-1.33,-6.02,817,-325,1366,22.96255972,1008.213275
0:00:02,-0.15738,-0.791536,-0.570472,-1.61,-0.91,-4.9,789,-325,1362,22.96255972,1008.213275
0:00:02,-0.156648,-0.801296,-0.619028,2.31,0.07,-4.9,809,-337,1403,22.96255972,1008.213275
0:00:02,-0.18544,-0.742004,-0.61122,-6.23,-18.76,-5.11,839,-331,1379,22.96255972,1008.213275
0:00:02,-0.144936,-0.853268,-0.648796,-1.33,-45.01,30.8,823,-349,1344,22.96255972,1008.213275
0:00:02,-0.24156,-0.67222,-0.643916,-4.34,-61.04,62.79,852,-315,1387,22.96255972,1008.213275
0:00:02,-0.43188,-0.680028,-0.659776,-1.4,-78.68,95.27,870,-297,1394,22.96255972,1008.213275
0:00:02,-0.476288,-0.755912,-0.656848,-14.91,-99.82,119.98,896,-277,1404,22.96255972,1008.213275
0:00:02,-0.50508,-0.941108,-0.709064,-6.44,-105.98,106.89,916,-237,1433,22.96255972,1008.213275
0:00:02,-0.74176,-0.837652,-0.59658,32.13,-99.26,80.92,898,-185,1492,22.96255972,1008.213275
0:00:02,-0.63074,-0.658068,-0.564372,-17.36,-95.27,88.83,864,-143,1530,22.96255972,1008.213275
0:00:02,-0.637328,-0.667096,-0.469456,-14.63,-87.92,75.74,797,-115,1582,22.96255972,1008.213275
0:00:02,-0.834968,-0.60878,-0.387228,-1.54,-88.48,67.41,707,-115,1618,22.96255972,1008.213275
0:00:02,-0.862784,-0.407968,-0.305244,-17.43,-101.99,74.48,661,-85,1647,22.96255972,1008.213275
0:00:02,-0.786656,-0.518256,-0.328668,-9.59,-95.76,80.15,577,-65,1635,22.96255972,1008.213275
0:00:02,-0.792268,-0.53802,-0.32574,16.24,-87.01,77,507,-83,1660,22.96255972,1008.213275
0:00:02,-0.795928,-0.364048,-0.238632,12.25,-55.09,68.6,471,-129,1637,22.96255972,1008.213275
0:00:02,-0.892796,-0.305244,-0.17446,-21.98,-39.69,67.2,433,-115,1635,22.96255972,1008.213275
0:00:02,-0.910364,-0.287188,-0.079544,-22.12,-31.5,51.31,420,-159,1618,22.96255972,1008.213275
0:00:02,-0.979172,-0.127124,-0.050508,-20.09,-35.91,53.55,384,-183,1605,22.94768237,1008.033219
0:00:03,-0.99918,-0.1159,0.000244,-27.65,-44.59,54.74,358,-229,1612,22.94768237,1008.033219
0:00:03,-0.9272,-0.205204,-0.042456,-17.36,-46.69,44.66,344,-231,1596,22.94768237,1008.033219
0:00:03,-0.923784,-0.103456,-0.022692,0.91,-44.17,35.49,338,-267,1576,22.94768237,1008.033219
0:00:03,-0.885964,-0.031964,0.048556,-9.45,-32.06,27.09,320,-265,1566,22.94768237,1008.033219
0:00:03,-0.932568,-0.050996,0.107116,11.55,-24.5,15.12,326,-305,1573,22.94768237,1008.033219
0:00:03,-0.976,0.019764,0.122,4.55,-14.91,13.51,346,-309,1575,22.94768237,1008.033219
0:00:03,-0.961848,0.004148,0.134932,16.87,-17.29,15.89,338,-317,1547,22.94768237,1008.033219
0:00:03,-0.99918,-0.001952,0.125416,28.28,-17.5,15.05,320,-339,1553,22.94768237,1008.033219
0:00:03,-0.9638,0.040992,0.092476,30.03,-15.4,7.14,336,-355,1566,22.94768237,1008.033219
0:00:03,-0.98698,0.014884,0.05856,13.02,-7.28,-1.33,356,-369,1577,22.94768237,1008.033219
0:00:03,-0.914024,0.057828,0.031964,8.54,3.71,-2.87,344,-379,1555,22.94768237,1008.033219
0:00:03,-0.97478,0.005612,0.081008,36.68,5.18,-9.8,354,-377,1577,22.94768237,1008.033219
0:00:03,-1.030168,0.078324,0.075884,6.72,3.08,-9.59,364,-369,1583,22.94768237,1008.033219
0:00:03,-1.041392,0.104676,0.05978,10.85,4.41,-8.26,340,-383,1565,22.94768237,1008.033219
0:00:03,-0.9943,-0.005612,0.059536,24.36,1.61,-5.6,338,-375,1610,22.94768237,1008.033219
0:00:03,-0.994788,0.03172,0.032452,20.51,-5.25,-3.78,336,-405,1603,22.94768237,1008.033219
0:00:03,-1.018456,0.047092,0.019276,5.74,-7.14,-2.94,338,-393,1598,22.94768237,1008.033219
0:00:03,-0.964044,-0.032696,0.012932,-6.58,3.08,-9.24,354,-407,1576,22.94768237,1008.033219
0:00:03,-0.951112,0.044408,0.03904,4.76,7.84,-10.57,332,-395,1593,22.94768237,1008.033219
0:00:03,-0.941596,-0.03538,0.044408,0.7,6.51,-8.68,334,-375,1610,22.94768237,1008.033219
0:00:03,-1.007476,0.036844,0.056364,9.38,1.54,-11.27,352,-391,1627,22.94768237,1008.033219
0:00:03,-1.07116,0.0122,0.030988,6.16,-2.38,-9.03,364,-381,1623,22.94768237,1008.033219
0:00:03,-1.055544,0.06222,0.028304,-1.4,-5.88,1.12,332,-389,1622,22.96255972,1008.187572
0:00:03,-1.039928,-0.074176,0.038552,-1.89,-6.16,-2.24,338,-355,1588,22.96255972,1008.187572
0:00:03,-1.003816,0.006344,0.021472,-8.19,-3.22,-7.35,354,-391,1616,22.96255972,1008.187572
0:00:04,-1.009916,-0.013908,0.024156,-4.27,17.71,-11.2,356,-383,1615,22.96255972,1008.187572
0:00:04,-1.00528,-0.000488,0.046116,-7.98,1.12,-10.22,334,-357,1567,22.96255972,1008.187572
0:00:04,-0.988444,-0.000732,0.049776,-2.24,-1.19,-7.07,332,-357,1603,22.96255972,1008.187572
0:00:04,-0.993812,-0.0061,0.037332,-4.34,-3.29,-6.16,350,-363,1557,22.96255972,1008.187572
0:00:04,-1.030168,0.019764,0.047092,-2.59,2.94,-9.66,340,-355,1573,22.96255972,1008.187572
0:00:04,-1.016992,-0.006588,0.072468,-4.62,4.27,-10.29,348,-347,1591,22.96255972,1008.187572
0:00:04,-1.010404,0.001464,0.062708,17.71,1.54,-9.87,354,-353,1602,22.96255972,1008.187572
0:00:04,-1.002596,-0.006344,0.038308,-0.49,0.7,-8.26,338,-361,1597,22.96255972,1008.187572
0:00:04,-0.98698,-0.001952,0.029524,1.47,0.77,-5.53,358,-357,1599,22.96255972,1008.187572
0:00:04,-0.998692,-0.02318,0.035624,4.55,1.26,-5.25,344,-375,1595,22.96255972,1008.187572
0:00:04,-1.01016,-0.030744,0.02684,-0.21,1.4,-4.76,346,-363,1606,22.96255972,1008.187572
0:00:04,-1.003084,0.010248,0.020008,1.61,0.7,-5.53,338,-383,1583,22.96255972,1008.187572
0:00:04,-1.003328,-0.016348,0.001464,-2.24,-0.56,-3.92,346,-355,1591,22.96255972,1008.187572
0:00:04,-0.99064,-0.018544,-0.007076,-1.75,-0.14,-4.97,352,-349,1609,22.96255972,1008.187572
0:00:04,-1.010648,-0.006344,0.005124,2.66,-0.63,-5.25,352,-365,1628,22.96255972,1008.187572
0:00:04,-1.007476,-0.005124,0.01464,-3.5,0.07,-6.02,340,-363,1616,22.96255972,1008.187572
0:00:04,-1.004548,-0.006832,0.02684,-0.63,-0.49,-6.58,336,-373,1625,22.96255972,1008.187572
0:00:04,-1.002108,0.006588,0.022692,-2.31,-0.14,-6.44,350,-351,1613,22.96255972,1008.187572
0:00:04,-0.93818,-0.013664,0.029036,2.17,0.49,-7.35,356,-371,1586,22.96255972,1008.187572
0:00:04,-1.003328,-0.000488,0.023912,-0.63,-0.84,-4.69,354,-353,1596,22.96255972,1008.187572
0:00:04,-1.002352,-0.017324,0.010736,2.45,-0.56,-6.37,342,-351,1573,22.9576006,1008.178957
0:00:04,-1.011136,-0.00854,0.01098,1.12,-17.92,-6.16,354,-347,1651,22.9576006,1008.178957
0:00:04,-1.006744,-0.003416,0.015128,-2.38,-1.19,-4.06,352,-361,1611,22.9576006,1008.178957
0:00:04,-1.009916,-0.023424,0.015616,-1.61,-1.12,-5.25,348,-349,1613,22.9576006,1008.178957
0:00:04,-1.013088,-0.000488,0.026108,0.77,-0.21,-6.16,342,-343,1594,22.9576006,1008.178957
0:00:05,-1.009184,-0.001952,0.030012,1.96,-0.84,-6.23,354,-365,1587,22.9576006,1008.178957
0:00:05,-1.006012,-0.0061,0.020008,-0.14,-2.1,-4.83,320,-371,1574,22.9576006,1008.178957
0:00:05,-1.002108,-0.002196,-0.062464,0,-3.85,-3.99,358,-357,1582,22.9576006,1008.178957
0:00:05,-1.00894,-0.01586,-0.000488,-1.12,-2.87,-4.34,354,-371,1583,22.9576006,1008.178957
0:00:05,-1.008208,0.000488,0.00244,-3.15,-2.1,-4.34,342,-357,1596,22.9576006,1008.178957
0:00:05,-0.99796,-0.031476,0.019764,-7.14,0.14,-6.3,336,-379,1592,22.9576006,1008.178957
0:00:05,-1.001376,0.013664,0.0305,-1.89,0.28,-7.63,338,-361,1623,22.9576006,1008.178957
0:00:05,-0.994788,-0.004636,0.029768,0.56,-0.77,-5.88,340,-359,1592,22.9576006,1008.178957
0:00:05,-0.999668,0.014152,0.01952,-0.49,-3.22,-3.78,350,-365,1644,22.9576006,1008.178957
0:00:05,-0.993568,-0.011956,-0.00122,-1.26,-2.87,-3.15,338,-361,1603,22.9576006,1008.178957
0:00:05,-0.98576,-0.019764,0.009028,-0.42,0.14,-4.83,336,-341,1602,22.9576006,1008.178957
0:00:05,-1.007232,-0.0122,0.021716,2.8,1.75,-6.79,334,-351,1618,22.9576006,1008.178957
0:00:05,-1.010648,-0.00122,0.022692,-1.05,2.03,-6.3,340,-367,1620,22.9576006,1008.178957
0:00:05,-1.023824,-0.00732,0.030256,4.55,0.98,-6.86,348,-343,1625,22.9576006,1008.178957
0:00:05,-1.030168,0.009028,0.02562,-0.07,-2.45,-3.43,356,-343,1613,22.9576006,1008.178957
0:00:05,-1.01626,-0.015616,0.006832,-0.77,-4.34,-3.71,352,-371,1619,22.9576006,1008.178957
0:00:05,-1.016504,-0.004636,0.006344,0.49,-3.43,-5.46,354,-385,1617,22.9576006,1008.178957
0:00:05,-1.003816,-0.016836,0.013908,-4.06,-2.17,-6.02,362,-357,1597,22.9576006,1008.178957
0:00:05,-1.00406,-0.001464,0.018544,-2.03,-2.17,-7.7,362,-365,1596,22.9576006,1008.178957
0:00:05,-0.999424,0.007564,0.016836,-2.24,-2.24,-6.58,352,-373,1603,22.9576006,1008.178957
0:00:05,-0.993324,-0.000488,0.025376,0.49,-2.94,-5.81,362,-369,1607,22.9576006,1008.178957
0:00:05,-0.991372,0.007564,0.015372,-0.98,-4.06,-3.36,342,-365,1587,22.9576006,1008.178957
0:00:05,-0.99918,-0.005612,0.011712,-0.42,-3.22,-3.5,348,-357,1594,22.9576006,1008.178957
0:00:05,-1.007964,-0.009272,0.021472,1.05,-0.98,-6.79,362,-355,1598,22.9576006,1008.178957
0:00:05,-1.017724,-0.01098,0.025376,-2.03,0.42,-7,360,-331,1598,22.9576006,1008.178957
0:00:06,-1.011624,0.010248,0.035868,0,-0.56,-7.28,348,-359,1583,22.9576006,1008.178957
0:00:06,-1.01138,-0.00488,0.033184,-0.84,-2.8,-5.53,360,-355,1612,22.9576006,1008.178957
0:00:06,-1.008696,0.002928,0.022448,-0.21,-3.99,-4.06,348,-351,1618,22.9576006,1008.178957
0:00:06,-1.005768,-0.003416,0.016348,-2.52,-3.36,-4.97,350,-345,1589,22.9576006,1008.178957
0:00:06,-1.010892,-0.00488,0.025132,1.4,-2.03,-6.09,340,-373,1604,22.9576006,1008.178957
0:00:06,-1.000644,-0.012932,0.031232,-4.13,-1.75,-6.37,338,-345,1609,22.9576006,1008.178957
0:00:06,-0.998692,0.003904,0.021228,-0.07,-1.89,-6.72,342,-363,1572,22.9576006,1008.178957
0:00:06,-1.004548,0.006832,0.030256,-0.84,-1.96,-5.18,340,-349,1618,22.9576006,1008.178957
0:00:06,-0.99308,-0.01952,0.03294,1.89,-3.29,-4.97,368,-349,1580,22.9576006,1008.178957
0:00:06,-0.99918,0.011712,0.02074,0.49,-3.15,-4.2,356,-333,1581,22.9576006,1008.178957
0:00:06,-0.938424,-0.014396,0.023912,0.56,-3.01,-3.43,368,-369,1604,22.9576006,1008.178957
0:00:06,-1.024312,0.061488,0.033672,-0.77,-2.24,-4.27,342,-351,1617,22.9576006,1008.178957
0:00:06,-1.017968,0.011468,0.029768,-4.76,-1.75,-4.2,342,-343,1600,22.9576006,1008.178957
0:00:06,-0.9882,-0.00366,0.014152,-6.93,-2.17,-2.87,372,-357,1622,22.9576006,1008.178957
0:00:06,-0.998448,-0.000732,0.007564,-3.22,-2.66,-1.47,348,-361,1610,22.9576006,1008.178957
0:00:06,-0.987468,-0.008784,0.012688,-6.79,0.98,-3.71,334,-353,1600,22.9576006,1008.178957
0:00:06,-0.99186,0.00854,0.023668,-1.05,2.03,-8.12,348,-369,1607,22.9576006,1008.178957
0:00:06,-0.9943,0.018788,0.036356,-4.06,0.14,-5.32,332,-345,1599,22.9576006,1008.178957
0:00:06,-1.007232,0.02562,0.038064,-2.94,-2.45,-5.11,350,-339,1579,22.9576006,1008.178957
0:00:06,-1.0187,0.008052,0.047824,-1.19,-2.45,-4.69,362,-365,1574,22.9576006,1008.178957
0:00:06,-1.037976,0.01708,0.055388,-3.36,-2.31,-3.5,350,-361,1574,22.9576006,1008.178957
0:00:06,-1.011624,-0.003904,0.060024,-0.84,-1.19,-3.78,352,-345,1563,22.9576006,1008.178957
0:00:06,-1.023336,0.01708,0.053924,-2.31,0.07,-4.13,356,-355,1559,22.9576006,1008.178957
0:00:06,-1.003816,-0.000976,0.048068,3.57,0.42,-4.83,344,-341,1573,22.9576006,1008.178957
0:00:06,-1.008208,0.030988,0.02318,-1.89,0.21,-3.92,370,-339,1564,22.9576006,1008.178957
0:00:07,-1.004304,0.011712,0.018788,1.33,0.28,-3.92,366,-351,1583,22.9576006,1008.178957
0:00:07,-1.0126,0.00122,0.016836,0.63,-1.12,-4.69,366,-353,1601,22.9576006,1008.178957
0:00:07,-1.001864,0.020008,0.006588,-1.82,-1.54,-4.27,354,-355,1590,22.9576006,1008.178957
0:00:07,-1.024068,0.015128,0.020984,0.14,0.56,-5.53,368,-357,1578,22.9576006,1008.178957
0:00:07,-1.002596,0.016348,0.038796,-4.55,1.33,-7.63,342,-353,1590,22.9576006,1008.178957
0:00:07,-0.95892,0.037088,0.056852,-2.03,2.94,-7.84,374,-347,1596,22.9576006,1008.178957
0:00:07,-0.97234,0.0122,0.03538,2.59,4.13,-4.41,354,-361,1603,22.9576006,1008.178957
0:00:07,-0.948184,0.013176,0.017568,3.57,1.12,-0.56,368,-339,1608,22.9576006,1008.178957
0:00:07,-0.96868,0.03416,0.004148,13.44,-1.75,-1.12,370,-355,1580,22.9576006,1008.178957
0:00:07,-1.000644,-0.000244,-0.03416,27.86,-1.33,-6.86,370,-343,1565,22.9576006,1008.178957
0:00:07,-1.08824,-0.072224,-0.034404,47.04,-0.98,-12.11,372,-343,1589,22.9576006,1008.178957
0:00:07,-1.0614,0.059536,-0.010492,53.83,3.5,-16.73,384,-353,1613,22.9576006,1008.178957
0:00:07,-1.040172,0.013176,-0.036844,21.14,1.05,-13.93,378,-371,1602,22.9576006,1008.178957
0:00:07,-0.999668,-0.009516,-0.044896,35.63,-2.24,-12.18,390,-359,1646,22.9576006,1008.178957
0:00:07,-0.974536,0.060024,-0.00976,20.79,9.73,-8.82,380,-361,1657,22.9576006,1008.178957
0:00:07,-0.995276,-0.066368,0.060512,15.89,2.38,-8.96,358,-353,1613,22.96751884,1008.196187
0:00:07,-1.025044,0.074176,0.002928,15.19,-2.17,-5.95,364,-389,1651,22.96751884,1008.196187
0:00:07,-0.985272,0.023424,0.066368,22.54,-6.02,-5.88,364,-393,1638,22.96751884,1008.196187
0:00:07,-0.912072,0.00854,-0.061244,24.85,-3.08,-2.45,386,-383,1642,22.96751884,1008.196187
0:00:07,-0.985272,-0.005368,-0.02074,43.68,5.46,0,382,-377,1679,22.96751884,1008.196187
0:00:07,-1.083604,-0.019032,0.018544,30.73,8.75,-14.42,408,-393,1639,22.96751884,1008.196187
0:00:07,-1.089216,0.109068,-0.027572,-44.45,-5.32,4.97,402,-407,1662,22.96751884,1008.196187
0:00:07,-1.01626,-0.14152,-0.020496,-17.36,-3.08,0.49,400,-377,1637,22.96751884,1008.196187
0:00:07,-1.048956,0.027816,-0.013664,-5.18,-3.43,-2.94,408,-383,1632,22.96751884,1008.196187
0:00:07,-0.992348,-0.009028,-0.019764,-18.34,-4.2,-0.77,420,-381,1643,22.96751884,1008.196187
0:00:08,-0.901092,0.0122,-0.025376,2.73,-2.45,-0.7,406,-385,1634,22.96751884,1008.196187
0:00:08,-0.7564,0.117852,-0.078812,-5.32,5.46,1.75,424,-387,1622,22.96751884,1008.196187
0:00:08,-0.628788,0.015372,-0.036112,0.49,7.35,-7.56,442,-379,1621,22.96751884,1008.196187
0:00:08,-1.131428,0.357216,0.043432,34.51,-2.8,7.63,458,-355,1608,22.96751884,1008.196187
0:00:08,-5.469748,-0.581696,-0.005368,-146.51,-12.46,49.77,444,-367,1572,22.96751884,1008.196187
0:00:08,0.336232,-0.368928,0.410408,-100.1,14.98,-72.17,342,-395,1662,22.96751884,1008.196187
0:00:08,0.492392,0.407724,0.062464,80.08,-59.15,-96.39,288,-412,1639,22.96751884,1008.196187
0:00:08,0.303536,0.639036,-0.091744,-153.72,-78.4,-61.6,4,-381,1626,22.96751884,1008.196187
0:00:08,-0.753228,-0.10614,-0.06954,-9.31,-49.77,-10.43,268,-365,1585,22.96751884,1008.196187
0:00:08,-1.029436,0.287432,-0.142984,-20.93,-7.77,25.34,242,-361,1591,22.96751884,1008.196187
0:00:08,-1.009184,-0.26108,-0.073688,-0.56,7.35,22.96,268,-373,1566,22.96751884,1008.196187
0:00:08,-1.07482,0.058072,0.018544,35.77,28.63,13.16,264,-383,1584,22.96751884,1008.196187
0:00:08,-1.064816,-0.095648,0.108092,-4.97,36.33,12.81,284,-363,1596,22.96751884,1008.196187
0:00:08,-0.998204,-0.149084,0.142984,1.68,25.06,3.64,244,-383,1622,22.9576006,1008.101851
0:00:08,-0.953552,-0.057828,0.11712,1.47,16.59,-4.83,246,-381,1622,22.9576006,1008.101851
0:00:08,-1.022604,0.032452,0.14518,-21.84,9.1,-6.09,248,-373,1597,22.9576006,1008.101851
0:00:08,-0.877668,-0.075152,0.115168,-10.5,-4.62,-4.9,274,-363,1596,22.9576006,1008.101851
0:00:08,-1.001376,0.064904,0.035868,-5.53,-10.43,-3.78,256,-383,1598,22.9576006,1008.101851
0:00:08,-1.023336,-0.120536,-0.00366,-23.38,-8.33,-1.75,270,-375,1598,22.9576006,1008.101851
0:00:08,-1.03334,-0.031232,-0.035136,0.49,-3.08,-4.34,256,-379,1601,22.9576006,1008.101851
0:00:08,-1.034316,-0.048068,-0.021228,3.29,2.24,-5.6,274,-369,1608,22.9576006,1008.101851
0:00:08,-1.019676,0.010492,0.024156,15.75,5.11,-7.07,282,-383,1626,22.9576006,1008.101851
0:00:08,-1.020652,0.050508,0.057096,-8.89,4.76,-3.29,276,-381,1612,22.9576006,1008.101851
0:00:08,-1.0126,-0.000732,0.07198,-14.91,2.03,-2.03,246,-349,1573,22.9576006,1008.101851
0:00:08,-1.045784,-0.012444,0.046116,-8.68,-1.54,-2.38,254,-371,1607,22.9576006,1008.101851
0:00:09,-0.99674,-0.024888,0.022692,-2.73,-2.38,-2.45,260,-357,1596,22.9576006,1008.101851
0:00:09,-1.03822,0.022936,0.014884,-17.57,-1.89,-3.22,274,-365,1612,22.9576006,1008.101851
0:00:09,-0.997228,-0.016592,0.014396,1.82,-1.82,-5.32,260,-379,1598,22.9576006,1008.101851
0:00:09,-0.983076,0.012932,0.019032,2.17,2.24,-6.93,278,-371,1587,22.9576006,1008.101851
0:00:09,-0.997472,-0.013664,0.023912,10.71,1.12,-7.56,266,-365,1620,22.9576006,1008.101851
0:00:09,-1.012112,0.013176,0.031232,12.53,0.42,-7.91,294,-365,1618,22.9576006,1008.101851
0:00:09,-1.014552,0.064172,0.038064,-1.54,1.47,-4.9,262,-377,1598,22.9576006,1008.101851
0:00:09,-1.052128,-0.003416,0.029036,-9.45,-0.35,-3.43,280,-395,1609,22.9576006,1008.101851
0:00:09,-1.025288,0.089792,0.045628,-6.37,-4.13,0.77,278,-385,1646,22.9576006,1008.101851
0:00:09,-1.094584,-0.023912,-0.006832,-7,-3.92,-1.4,282,-365,1569,22.9576006,1008.101851
0:00:09,-1.02236,-0.060512,0.00122,-19.81,0.98,-6.23,268,-381,1578,22.9576006,1008.101851
0:00:09,-1.02846,-0.002928,0.022692,-20.23,-1.12,-5.04,288,-373,1593,22.96751884,1008.041972
0:00:09,-1.031388,0.00976,0.021716,-19.18,-4.13,-5.32,266,-391,1597,22.96751884,1008.041972
0:00:09,-1.04432,0.040016,0.018544,-37.38,-1.05,-6.23,284,-365,1606,22.96751884,1008.041972
0:00:09,-1.044076,-0.040992,0.02318,-37.59,-2.38,-8.82,288,-341,1589,22.96751884,1008.041972
0:00:09,-1.048468,0.029524,0.016104,-25.27,-3.29,-5.81,268,-355,1584,22.96751884,1008.041972
0:00:09,-1.04188,0.027816,0.013176,-37.73,-3.78,-1.19,268,-339,1552,22.96751884,1008.041972
0:00:09,-1.048224,-0.07686,0.028548,-17.78,-9.59,0,252,-351,1554,22.96751884,1008.041972
0:00:09,-1.076284,-0.14396,0.022448,50.54,-14,3.78,256,-359,1550,22.96751884,1008.041972
0:00:09,0.504836,-0.114924,0.081984,143.01,12.46,-23.59,266,-381,1578,22.96751884,1008.041972
0:00:09,4.347104,0.710772,-0.480192,188.86,-67.41,-37.24,312,-379,1636,22.96751884,1008.041972
0:00:09,-6.881532,0.225456,-0.178364,107.59,37.94,49.98,394,-325,1617,22.96751884,1008.041972
0:00:09,-2.686684,-0.144936,0.432124,-14.49,88.62,72.1,463,-333,1582,22.96751884,1008.041972
0:00:09,-1.482544,-0.214232,0.316468,-22.96,11.9,7.21,485,-337,1575,22.96751884,1008.041972
0:00:09,-1.159976,0.086864,0.104676,-46.48,0.49,-13.86,449,-359,1587,22.96751884,1008.041972
0:00:10,-0.874984,-0.118584,-0.000488,-9.45,-3.85,-29.12,450,-351,1603,22.96751884,1008.041972
0:00:10,-0.63318,0.303292,-0.027084,45.08,-16.03,-15.19,440,-343,1596,22.96751884,1008.041972
0:00:10,-0.992348,0.121512,-0.0427,-37.17,-18.06,-0.77,446,-343,1606,22.96751884,1008.041972
0:00:10,-0.938424,0.040016,-0.121756,6.3,-7.77,2.1,441,-343,1570,22.96751884,1008.041972
0:00:10,-1.039196,0.091256,-0.134688,-24.15,9.87,-2.45,465,-315,1592,22.96751884,1008.041972
0:00:10,-1.043588,-0.035136,0.005124,7.56,5.53,-7.91,456,-327,1571,22.96751884,1008.041972
0:00:10,-1.066768,0.069296,-0.118828,8.75,3.5,-12.81,440,-325,1580,22.96751884,1008.041972
0:00:10,-1.077504,0.090524,0.010248,13.58,0.77,-15.89,458,-339,1568,22.96751884,1008.041972
0:00:10,-1.000156,0.137128,-0.017812,16.38,-3.29,-15.12,452,-325,1612,22.96751884,1008.041972
0:00:10,-0.987224,0.151524,-0.066124,-1.96,-3.85,-7.49,430,-335,1622,22.9576006,1008.153255
0:00:10,-0.993812,0.04148,-0.0366,-0.49,-5.95,-5.25,438,-329,1582,22.9576006,1008.153255
0:00:10,-0.977708,0.0732,-0.03904,-13.3,-0.21,-4.48,465,-315,1583,22.9576006,1008.153255
0:00:10,-0.988688,0.00366,-0.055632,0.42,-2.31,-8.47,444,-335,1595,22.9576006,1008.153255
0:00:10,-0.981856,0.087596,-0.046604,-5.67,0.21,-6.72,428,-327,1566,22.9576006,1008.153255
0:00:10,-1.02114,0.044164,-0.028304,-5.18,-1.4,-7.14,416,-307,1550,22.9576006,1008.153255
0:00:10,-1.040416,0.055144,0.010004,9.31,-4.76,-7.49,433,-315,1561,22.9576006,1008.153255
0:00:10,-1.008452,0.06832,-0.030988,13.93,-7.63,-8.26,446,-331,1574,22.9576006,1008.153255
0:00:10,-0.964288,0.111508,-0.034648,9.24,-6.09,-5.39,438,-329,1574,22.9576006,1008.153255
0:00:10,-0.991616,0.056852,-0.048068,-5.67,-2.8,-4.41,450,-325,1578,22.9576006,1008.153255
0:00:10,-0.99674,0.026596,-0.029768,-0.63,-1.68,-5.81,436,-321,1577,22.9576006,1008.153255
0:00:10,-0.98454,0.072712,-0.031232,-6.44,2.52,-8.12,454,-339,1581,22.9576006,1008.153255
0:00:10,-1.011136,0.069052,-0.01952,-8.26,1.26,-4.13,436,-329,1547,22.9576006,1008.153255
0:00:10,-1.033096,0.053436,-0.00732,-4.13,-0.49,-4.06,448,-315,1573,22.9576006,1008.153255
0:00:10,-1.021872,0.05856,-0.019764,-1.89,-1.68,-5.11,456,-329,1560,22.9576006,1008.153255
0:00:10,-1.001132,0.05734,-0.012932,2.8,-2.45,-6.3,465,-325,1578,22.9576006,1008.153255
0:00:11,-1.01016,0.062464,-0.025376,9.24,-4.62,-6.44,440,-333,1566,22.9576006,1008.153255
0:00:11,-1.007476,0.076128,-0.021716,5.95,-3.57,-5.32,446,-325,1570,22.9576006,1008.153255
0:00:11,-1.0004,0.005612,-0.041968,-2.24,-1.96,-5.04,432,-325,1580,22.9576006,1008.153255
0:00:11,-0.99918,0.026108,-0.010736,3.15,-3.01,-5.18,448,-319,1570,22.9576006,1008.153255
0:00:11,-0.998448,0.111264,-0.043676,-3.78,0.14,-5.81,455,-321,1579,22.9576006,1008.153255
0:00:11,-1.02358,0.059292,-0.002684,-15.61,0.63,-4.9,440,-311,1574,22.9576006,1008.153255
0:00:11,-0.995276,0.04026,-0.016836,-2.03,-2.45,-4.76,447,-343,1571,22.9576006,1008.153255
0:00:11,-1.008452,0.063684,-0.023668,0.35,-3.5,-4.83,457,-331,1549,22.94768237,1008.213131
0:00:11,-0.984052,0.071736,-0.03172,-3.29,-1.75,-4.76,457,-327,1584,22.94768237,1008.213131
0:00:11,-1.009672,0.034892,-0.01586,0.14,-1.82,-6.02,463,-329,1576,22.94768237,1008.213131
0:00:11,-0.994544,0.057584,-0.04148,3.15,-1.05,-6.16,446,-325,1587,22.94768237,1008.213131
0:00:11,-1.018944,0.09028,-0.009028,-3.92,-0.49,-4.55,463,-339,1564,22.94768237,1008.213131
0:00:11,-1.009916,0.05734,-0.00366,-1.05,-2.1,-4.2,438,-305,1582,22.94768237,1008.213131
0:00:11,-1.034072,0.10248,0.00244,-1.61,-5.18,-4.27,446,-343,1569,22.94768237,1008.213131
0:00:11,-0.975756,0.05002,-0.010004,-4.2,-3.57,-3.99,448,-329,1603,22.94768237,1008.213131
0:00:11,-1.018456,0.082228,-0.024888,2.94,-2.38,-6.58,450,-341,1575,22.94768237,1008.213131
0:00:11,-1.031632,0.022204,0.031964,-6.93,-6.23,-9.59,461,-353,1590,22.94768237,1008.213131
0:00:11,-1.007964,-0.094916,0.062952,-2.31,-12.88,-19.67,459,-343,1544,22.94768237,1008.213131
0:00:11,-1.008696,0.164212,-0.046848,-1.4,-12.39,-18.27,448,-355,1567,22.94768237,1008.213131
0:00:11,-0.992592,0.151768,-0.075396,-6.3,-4.69,-8.12,461,-345,1565,22.94768237,1008.213131
0:00:11,-1.008696,0.003172,0.047336,-7.28,-1.82,-4.34,475,-335,1585,22.94768237,1008.213131
0:00:11,-1.008452,-0.014396,0.009028,2.87,-6.02,-6.37,453,-335,1566,22.94768237,1008.213131
0:00:11,-1.009672,0.09638,-0.013908,-1.54,-4.69,-6.37,456,-339,1601,22.94768237,1008.213131
0:00:11,-0.995764,0.024156,-0.00244,0.7,-1.19,-8.33,461,-347,1604,22.94768237,1008.213131
0:00:11,-0.93818,0.075884,0.019032,1.54,0,-8.89,467,-343,1600,22.94768237,1008.213131
0:00:12,-1.023092,0.037332,0.021472,-6.58,-1.68,-6.93,471,-345,1585,22.94768237,1008.213131
0:00:12,-1.008452,0.039528,0.021716,3.22,-5.53,-6.23,461,-339,1557,22.94768237,1008.213131
0:00:12,-1.01748,0.049532,0.003416,-0.84,-3.57,-6.37,469,-327,1563,22.94768237,1008.213131
0:00:12,-1.019188,0.049532,-0.016104,-0.77,-0.49,-6.09,463,-335,1557,22.94768237,1008.213131
0:00:12,-1.006256,0.095648,-0.006832,2.24,1.19,-1.61,463,-353,1547,22.94768237,1008.213131
0:00:12,-1.025288,0.06344,0.02196,-6.09,0.21,1.26,461,-355,1560,22.94768237,1008.110324
0:00:12,-0.984784,0.019276,0.01586,-5.6,-0.42,-0.7,477,-353,1553,22.94768237,1008.110324
0:00:12,-0.958676,0.09028,0.002684,-10.29,1.75,-1.68,454,-343,1572,22.94768237,1008.110324
0:00:12,-0.86864,0.080764,0.005856,-11.2,3.5,-1.82,448,-351,1568,22.94768237,1008.110324
0:00:12,-0.796904,0.078812,0.03904,-7.28,1.47,-3.43,463,-323,1583,22.94768237,1008.110324
0:00:12,-1.185108,0.041236,0.082472,-5.04,-9.17,15.75,469,-339,1583,22.94768237,1008.110324
0:00:12,-3.23788,0.151036,0.078812,-86.94,-22.47,24.57,458,-317,1547,22.94768237,1008.110324
0:00:12,-2.419016,-0.189344,0.015372,-44.94,-18.2,-16.17,388,-353,1587,22.94768237,1008.110324
0:00:12,1.463756,-0.161528,0.153964,37.73,-12.25,-34.02,328,-411,1589,22.94768237,1008.110324
0:00:12,1.79096,0.710284,-0.255468,-86.87,-19.53,-53.83,320,-409,1597,22.94768237,1008.110324
0:00:12,-0.826184,0.382592,-0.256444,-191.03,41.51,-17.99,334,-359,1566,22.94768237,1008.110324
0:00:12,-3.715388,-0.28304,-0.022204,112.21,26.95,52.5,352,-337,1561,22.94768237,1008.110324
0:00:12,-1.528172,-0.019276,0.000732,96.81,54.04,29.96,336,-379,1597,22.94768237,1008.110324
0:00:12,1.366644,-0.076372,0.208376,143.15,36.05,4.62,310,-403,1659,22.94768237,1008.110324
0:00:12,-0.319396,0.350384,0.191784,-68.25,20.86,-13.65,344,-397,1652,22.94768237,1008.110324
0:00:12,-3.753452,-0.505324,0.25132,21.84,-45.92,-19.6,348,-373,1642,22.94768237,1008.110324
0:00:12,-0.907436,0.076616,-0.063928,68.25,-62.09,-23.94,328,-387,1661,22.94768237,1008.110324
0:00:12,1.284904,0.323788,-0.20008,-15.96,-49.14,-24.36,344,-417,1614,22.94768237,1008.110324
0:00:12,-1.369572,0.069052,-0.337208,-90.65,-23.73,-18.13,354,-369,1622,22.94768237,1008.110324
0:00:12,-2.943128,0.106628,-0.004636,48.3,10.01,13.37,356,-349,1593,22.94768237,1008.110324
0:00:13,0.59902,0.004148,0.089304,32.83,24.92,-1.4,340,-421,1670,22.94768237,1008.110324
0:00:13,0.27938,0.301828,-0.10736,-6.44,-19.32,5.46,338,-395,1633,22.94768237,1008.110324
0:00:13,-3.494812,-0.398452,0.037088,0.63,22.82,-15.61,354,-379,1613,22.94768237,1008.110324
0:00:13,-0.141276,-0.054412,0.126636,96.95,18.83,-0.98,318,-402,1660,22.92288678,1008.092953
0:00:13,0.108824,0.47092,-0.040748,22.26,-16.73,14.14,328,-419,1661,22.92288678,1008.092953
0:00:13,-1.836832,-0.137372,0.011712,-99.4,5.74,-0.35,338,-405,1648,22.92288678,1008.092953
0:00:13,-1.179496,-0.11346,0.109068,77.28,-12.53,-16.31,350,-427,1611,22.92288678,1008.092953
0:00:13,-0.846436,0.265716,-0.052216,7.21,-18.97,-10.43,336,-431,1636,22.92288678,1008.092953
0:00:13,-0.877424,0.016104,-0.094184,-36.82,-3.15,-9.59,352,-403,1648,22.92288678,1008.092953
0:00:13,-1.01016,0.1159,0.002684,-18.34,4.2,-10.15,372,-385,1664,22.92288678,1008.092953
0:00:13,-1.040904,0.086376,0.061488,-31.22,4.2,-2.87,368,-405,1655,22.92288678,1008.092953
0:00:13,-0.995764,0.020984,0.009028,-29.82,2.8,1.33,366,-401,1643,22.92288678,1008.092953
0:00:13,-0.966972,-0.07808,0.009516,-21.35,-3.22,-4.62,350,-375,1614,22.92288678,1008.092953
0:00:13,-0.975512,0.02196,0.004392,0.21,-5.32,-9.87,362,-381,1602,22.92288678,1008.092953
0:00:13,-0.98698,0.00244,-0.020496,0.14,-4.97,-6.23,366,-371,1615,22.92288678,1008.092953
0:00:13,-0.969412,0.062952,-0.000244,1.96,0.91,-4.83,376,-393,1603,22.92288678,1008.092953
0:00:13,-0.964288,-0.029036,0.004636,18.41,0.49,-9.52,366,-379,1594,22.92288678,1008.092953
0:00:13,-0.992104,0.082716,0.007076,25.55,1.61,-10.64,376,-345,1617,22.92288678,1008.092953
0:00:13,-1.003084,0.022204,0.01464,-2.38,-0.56,-11.34,398,-379,1607,22.92288678,1008.092953
0:00:13,-0.99674,0.037088,0.017812,17.99,-3.43,-14.98,410,-369,1598,22.92288678,1008.092953
0:00:13,-1.002596,0.099308,0.067588,-10.43,-6.79,-12.25,422,-365,1588,22.92288678,1008.092953
0:00:13,-1.081652,0.109068,0.001464,-1.75,-5.67,-9.38,436,-369,1595,22.92288678,1008.092953
0:00:13,-1.061644,0.0976,-0.031964,-12.67,3.71,1.19,426,-353,1575,22.92288678,1008.092953
0:00:13,-1.098,0.014396,-0.005612,-2.8,5.6,0.98,444,-361,1578,22.92288678,1008.092953
0:00:13,-1.073844,0.030988,0.059292,-9.52,5.04,-2.8,446,-345,1593,22.92288678,1008.092953
0:00:14,-1.006012,0.035868,-0.00122,-3.08,2.45,-3.71,436,-351,1577,22.92288678,1008.092953
0:00:14,-0.99796,0.0793,-0.017812,-1.12,1.33,-1.26,438,-369,1556,22.94768237,1008.136026
0:00:14,-0.979904,0.031964,-0.02562,-5.46,1.61,-3.29,446,-341,1601,22.94768237,1008.136026
0:00:14,-0.975512,0.036356,-0.017324,5.04,-0.14,-3.78,438,-345,1562,22.94768237,1008.136026
0:00:14,-0.991128,0.05978,-0.026108,5.74,0.07,-1.05,467,-355,1581,22.94768237,1008.136026
0:00:14,-0.988444,0.073688,-0.039772,17.78,-0.49,-2.1,481,-349,1560,22.94768237,1008.136026
0:00:14,-1.02968,0.02806,-0.00732,4.9,4.13,-4.62,471,-351,1603,22.94768237,1008.136026
0:00:14,-1.058472,0.042212,0.05856,2.38,1.82,-5.67,473,-355,1580,22.94768237,1008.136026
0:00:14,-1.029436,0.080276,-0.016348,-15.26,1.75,-7.77,469,-361,1584,22.94768237,1008.136026
0:00:14,-0.909388,0.060024,-0.008296,-7.7,-0.35,-7.42,463,-357,1566,22.94768237,1008.136026
0:00:14,-0.851804,0.119072,-0.112484,-1.12,2.94,-4.55,475,-347,1576,22.94768237,1008.136026
0:00:14,-0.716384,0.11956,-0.122732,5.88,5.32,-2.31,515,-337,1552,22.94768237,1008.136026
0:00:14,-1.364448,0.032696,0.079788,20.86,4.48,19.67,505,-327,1565,22.94768237,1008.136026
0:00:14,-5.090328,-0.280844,0.376492,-18.97,-50.68,15.12,513,-351,1544,22.94768237,1008.136026
0:00:14,-1.421788,0.188368,0.253272,-195.79,-1.26,-62.51,384,-377,1590,22.94768237,1008.136026
0:00:14,1.217072,-0.695156,0.233508,-86.1,-56.35,-74.9,288,-413,1579,22.94768237,1008.136026
0:00:14,0.094428,0.337208,-0.079544,62.3,-71.61,-111.65,248,-405,1545,22.94768237,1008.136026
0:00:14,-0.343796,0.4331,-0.10736,16.03,-53.48,-65.17,236,-379,1549,22.94768237,1008.136026
0:00:14,-1.046272,0.443592,-0.100528,-65.52,-26.95,20.51,262,-355,1535,22.94768237,1008.136026
0:00:14,-0.945256,-0.122244,-0.02806,-11.9,-4.9,25.41,266,-359,1533,22.94768237,1008.136026
0:00:14,-0.94184,0.067344,0.004392,55.23,11.06,22.89,270,-383,1539,22.94768237,1008.136026
0:00:14,-0.67954,0.02684,0.04636,32.76,29.89,25.55,274,-403,1527,22.94768237,1008.136026
0:00:14,-0.997716,0.007076,0.098332,5.81,43.54,32.48,268,-397,1598,22.94768237,1008.136026
0:00:14,-1.07482,-0.022448,0.168848,29.4,36.47,26.6,272,-410,1596,22.94768237,1008.136026
0:00:14,-1.02846,0.101504,0.134688,2.52,24.29,26.67,278,-452,1627,22.94768237,1008.161728
0:00:15,-1.025044,-0.068564,0.137128,-13.02,16.94,20.86,284,-438,1608,22.94768237,1008.161728
0:00:15,-0.995764,-0.099552,0.1037,30.87,4.2,6.44,290,-433,1610,22.94768237,1008.161728
0:00:15,-0.984296,0.127368,0.0976,-8.12,-0.28,2.38,292,-468,1617,22.94768237,1008.161728
0:00:15,-1.05042,-0.155916,0.054412,-2.8,-9.52,-5.32,288,-453,1635,22.94768237,1008.161728
0:00:15,-0.998692,0.08662,0.03416,14.84,-10.57,-10.99,284,-449,1631,22.94768237,1008.161728
0:00:15,-1.017724,0.014396,0.006832,-16.73,-6.23,-14.42,302,-445,1628,22.94768237,1008.161728
0:00:15,-1.025288,0.033916,0.009272,4.69,-0.49,-18.83,288,-449,1639,22.94768237,1008.161728
0:00:15,-1.039196,0.134932,0.006832,-14.98,3.15,-15.89,286,-441,1606,22.94768237,1008.161728
0:00:15,-0.992104,0.051728,0.029524,-31.71,4.48,-12.67,280,-445,1629,22.94768237,1008.161728
0:00:15,-1.013576,0.084912,0.037088,-22.4,3.92,-9.31,268,-427,1589,22.94768237,1008.161728
0:00:15,-1.012356,0.04148,0.073688,-36.4,4.83,-8.54,296,-421,1636,22.94768237,1008.161728
0:00:15,-0.987712,-0.031964,0.067832,6.16,-2.8,-8.33,280,-421,1583,22.94768237,1008.161728
0:00:15,-0.986492,0.029036,0.054168,25.62,-5.46,-10.5,254,-425,1610,22.94768237,1008.161728
0:00:15,-1.0065,0.06954,0.040504,27.23,-6.09,-7.98,258,-440,1610,22.94768237,1008.161728
0:00:15,-1.02602,0.105408,0.027572,4.62,-4.55,-4.34,270,-442,1584,22.94768237,1008.161728
0:00:15,-1.00772,0.050752,0.028548,-8.96,-3.15,-2.17,270,-439,1606,22.94768237,1008.161728
0:00:15,-1.031388,0.073932,0.050264,-21.42,0.7,-0.56,280,-439,1598,22.94768237,1008.161728
0:00:15,-1.042856,0.055632,0.059048,-38.36,1.61,0.28,298,-437,1608,22.94768237,1008.161728
0:00:15,-1.038708,-0.061976,0.058072,-44.8,1.26,0.77,268,-439,1593,22.94768237,1008.161728
0:00:15,-0.999668,-0.040748,0.054412,-32.13,0.56,-4.41,290,-431,1575,22.94768237,1008.161728
0:00:15,-0.971852,-0.005368,0.044408,-18.97,-0.77,-11.41,264,-431,1587,22.94768237,1008.161728
0:00:15,-0.94794,0.00366,0.027084,-7.42,-4.2,-10.08,292,-441,1569,22.94768237,1008.161728
0:00:15,-0.93086,0.004392,0.014152,13.09,-6.02,-5.95,298,-423,1564,22.97247796,1008.204802
0:00:15,-0.72956,-0.008296,0.022936,51.66,-3.99,-9.45,308,-433,1590,22.97247796,1008.204802
0:00:15,1.51158,0.14762,0.05246,113.26,-31.64,-76.44,288,-435,1600,22.97247796,1008.204802
0:00:16,0.998692,0.793244,-0.298656,79.1,-23.52,15.54,288,-403,1605,22.97247796,1008.204802
0:00:16,-5.245024,0.103456,-0.127612,134.05,-17.29,85.82,402,-377,1567,22.97247796,1008.204802
0:00:16,-2.152568,0.173484,0.028548,-86.17,75.32,83.93,430,-389,1590,22.97247796,1008.204802
0:00:16,-1.326384,-0.535092,0.142252,-18.9,44.52,5.25,430,-359,1546,22.97247796,1008.204802
0:00:16,-1.14436,0.012688,0.199104,27.44,24.5,-16.66,406,-369,1575,22.97247796,1008.204802
0:00:16,-0.8601,-0.003416,0.116388,0.07,3.15,-30.1,416,-337,1585,22.97247796,1008.204802
0:00:16,-0.920368,0.319152,-0.050508,66.57,-16.03,-17.36,418,-363,1605,22.97247796,1008.204802
0:00:16,-0.941596,0.3416,-0.039772,-35.56,-11.62,4.41,420,-363,1615,22.97247796,1008.204802
0:00:16,-1.01626,0.049776,-0.084912,-27.65,-7.49,9.52,426,-377,1555,22.97247796,1008.204802
0:00:16,-1.02846,0.082716,-0.105164,-17.01,0.77,1.82,465,-351,1549,22.97247796,1008.204802
0:00:16,-1.086532,0.044652,-0.056852,5.6,3.99,-9.73,445,-347,1568,22.97247796,1008.204802
0:00:16,-1.037732,0.11102,0.010492,1.61,1.96,-13.79,461,-353,1578,22.97247796,1008.204802
0:00:16,-1.014796,0.157624,-0.042212,30.38,-5.11,-16.45,446,-367,1552,22.97247796,1008.204802
0:00:16,-0.976976,0.24156,-0.046604,0.49,-3.71,-8.47,452,-351,1584,22.97247796,1008.204802
0:00:16,-1.041392,0.122244,-0.04758,3.99,-7.56,-3.99,463,-363,1564,22.97247796,1008.204802
0:00:16,-0.9943,0.07076,-0.044652,1.54,-8.54,-5.25,461,-373,1597,22.97247796,1008.204802
0:00:16,-0.986248,0.098088,-0.05856,12.95,-7.56,-10.43,463,-361,1572,22.97247796,1008.204802
0:00:16,-0.9821,0.150792,-0.027572,2.1,-3.01,-10.22,452,-365,1584,22.97247796,1008.204802
0:00:16,-0.970144,0.164212,-0.0366,-11.13,-0.91,-6.93,446,-349,1573,22.97247796,1008.204802
0:00:16,-1.014308,0.117364,-0.018788,-12.95,-1.68,-4.62,454,-349,1578,22.97247796,1008.204802
0:00:16,-1.006988,0.116388,-0.022936,-6.51,-3.78,-4.83,442,-353,1578,22.94768237,1008.161728
0:00:16,-1.011136,0.105896,-0.043188,-4.55,-4.41,-5.74,442,-345,1573,22.94768237,1008.161728
0:00:16,-1.002352,0.082228,-0.015616,0.07,-4.27,-8.68,453,-357,1568,22.94768237,1008.161728
0:00:16,-0.978684,0.101992,-0.029036,7.98,-3.15,-10.64,448,-371,1594,22.94768237,1008.161728
0:00:16,-0.979172,0.142252,-0.022448,3.5,-0.91,-11.41,442,-343,1545,22.94768237,1008.161728
0:00:17,-1.001376,0.111752,-0.011712,1.61,0.77,-10.57,442,-341,1556,22.94768237,1008.161728
0:00:17,-0.99308,0.11956,-0.050752,-4.62,0.14,-9.52,438,-355,1553,22.94768237,1008.161728
0:00:17,-1.016992,0.105652,-0.014884,-7.07,0.14,-8.96,422,-337,1541,22.94768237,1008.161728
0:00:17,-1.006988,0.11834,-0.018056,-6.86,-0.21,-9.45,426,-345,1562,22.94768237,1008.161728
0:00:17,-1.010404,0.089548,-0.013908,-4.41,-0.98,-7.84,434,-341,1587,22.94768237,1008.161728
0:00:17,-0.998936,0.097112,-0.013176,8.75,-3.57,-7.7,436,-325,1567,22.94768237,1008.161728
0:00:17,-0.981368,0.10858,-0.034892,8.82,-4.62,-5.53,426,-339,1558,22.94768237,1008.161728
0:00:17,-1.008208,0.074176,-0.038064,13.3,-5.6,-6.23,434,-343,1574,22.94768237,1008.161728
0:00:17,-1.008696,0.088084,-0.034892,3.22,-3.29,-8.47,430,-349,1541,22.94768237,1008.161728
0:00:17,-0.977708,0.073688,-0.03538,7.56,-3.78,-9.03,440,-347,1568,22.94768237,1008.161728
0:00:17,-1.018212,0.104188,-0.022692,1.75,-2.59,-6.93,424,-363,1296,22.94768237,1008.161728
0:00:17,-0.987956,0.094916,-0.031964,-7.07,-0.7,-7.49,448,-341,1552,22.94768237,1008.161728
0:00:17,-1.010892,0.088328,-0.003172,-2.1,-1.61,-6.58,444,-325,1546,22.94768237,1008.161728
0:00:17,-1.004548,0.122732,-0.013908,-2.59,-2.66,-6.02,442,-351,1571,22.94768237,1008.161728
0:00:17,-0.998448,0.069784,-0.016104,-2.8,-2.24,-6.86,432,-333,1578,22.94768237,1008.161728
0:00:17,-1.008696,0.086376,-0.00244,6.86,-3.36,-6.65,438,-367,1562,22.94768237,1008.161728
0:00:17,-1.000156,0.11346,-0.045872,-8.61,-1.12,-5.46,454,-361,1548,22.94768237,1008.161728
0:00:17,-1.008696,0.05002,0.000244,-0.7,-3.08,-6.44,438,-355,1557,22.94768237,1008.161728
0:00:17,-1.01382,0.090768,-0.016836,3.85,-4.13,-7.35,436,-349,1545,22.96751884,1008.11908
0:00:17,-0.99796,0.09638,-0.020252,1.4,-4.06,-7.63,439,-353,1550,22.96751884,1008.11908
0:00:17,-0.99308,0.079544,-0.001708,0.91,-2.66,-7.7,424,-353,1577,22.96751884,1008.11908
0:00:17,-0.988932,0.105652,-0.01952,-4.55,-1.96,-7.28,434,-333,1536,22.96751884,1008.11908
0:00:17,-1.003084,0.067832,-0.006588,-1.82,-2.03,-7,444,-321,1586,22.96751884,1008.11908
0:00:17,-0.995276,0.088572,-0.000976,-0.63,-2.1,-6.23,442,-357,1557,22.96751884,1008.11908
0:00:17,-0.99064,0.09516,-0.01952,-1.54,-1.82,-5.11,441,-333,1550,22.96751884,1008.11908
0:00:18,-0.97722,0.07076,-0.015372,-2.38,-0.14,-7.14,456,-327,1567,22.96751884,1008.11908
0:00:18,-0.999424,0.060756,-0.008296,4.13,-1.05,-7.98,438,-327,1541,22.96751884,1008.11908
0:00:18,-1.035048,0.085888,-0.061488,10.5,-4.27,-7.14,433,-343,1573,22.96751884,1008.11908
0:00:18,-1.013576,0.079544,-0.007808,6.37,-4.62,-6.23,440,-337,1543,22.96751884,1008.11908
0:00:18,-0.994544,0.08784,-0.01342,2.66,-3.29,-6.37,434,-333,1549,22.96751884,1008.11908
0:00:18,-0.993568,0.087596,-0.013908,-5.11,-1.61,-6.86,418,-347,1552,22.96751884,1008.11908
0:00:18,-1.018944,0.049776,-0.061488,-2.31,-1.33,-7.56,446,-331,1547,22.96751884,1008.11908
0:00:18,-0.995276,0.082228,0.000976,4.48,-1.96,-7.7,438,-359,1564,22.96751884,1008.11908
0:00:18,-1.011136,0.10858,-0.00244,-2.31,-0.84,-5.88,426,-333,1547,22.96751884,1008.11908
0:00:18,-1.010404,0.08662,-0.011224,-13.86,0.21,-5.11,432,-339,1544,22.96751884,1008.11908
0:00:18,-0.981856,0.073688,-0.017324,-15.82,0.42,-6.51,422,-321,1553,22.96751884,1008.11908
0:00:18,-1.003084,0.038308,-0.008052,-7.63,-0.28,-7.91,425,-323,1538,22.96751884,1008.11908
0:00:18,-1.015528,0.059292,-0.000488,0.56,-1.4,-8.54,428,-347,1559,22.96751884,1008.11908
0:00:18,-0.993568,0.084668,-0.017324,-2.24,-0.77,-8.47,424,-325,1531,22.96751884,1008.11908
0:00:18,-1.009184,0.033428,0.00244,12.81,-2.59,-11.41,414,-329,1563,22.96751884,1008.11908
0:00:18,-1.016504,0.096136,-0.005124,10.85,-2.17,-8.61,400,-321,1564,22.96751884,1008.11908
0:00:18,-1.016504,0.091988,-0.0061,-7,17.64,-6.86,420,-337,1568,22.96751884,1008.11908
0:00:18,-0.999424,0.05734,-0.014396,-9.38,-0.21,-6.58,430,-325,1566,22.97247796,1008.1791
0:00:18,-1.018456,0.054412,0.008296,-3.22,-0.77,-7.56,408,-319,1574,22.97247796,1008.1791
0:00:18,-0.998204,0.05978,-0.018056,-4.69,-1.05,-7.98,420,-313,1554,22.97247796,1008.1791
0:00:18,-0.99064,0.075884,-0.01342,-8.96,0.56,-6.23,414,-327,1542,22.97247796,1008.1791
0:00:18,-0.9943,0.045628,-0.018544,-11.62,-0.35,-6.58,416,-319,1567,22.97247796,1008.1791
0:00:18,-0.990396,0.033672,-0.010248,1.54,-3.01,-6.86,414,-313,1567,22.97247796,1008.1791
0:00:18,-1.0187,0.060512,-0.003172,4.48,-4.06,-6.72,407,-315,1551,22.97247796,1008.1791
0:00:18,-0.976244,0.048556,-0.006344,7.7,-4.27,-8.19,420,-319,1542,22.97247796,1008.1791
0:00:19,-1.02968,0.08296,0.002196,3.99,-1.47,-7.14,408,-315,1545,22.97247796,1008.1791
0:00:19,-1.014796,0.059048,-0.000244,-7.49,-0.56,-5.88,410,-313,1534,22.97247796,1008.1791
0:00:19,-1.0126,0.037576,-0.004148,-4.55,-1.05,-6.58,412,-321,1555,22.97247796,1008.1791
0:00:19,-1.000644,0.04514,0.002196,4.48,-1.96,-7.98,414,-325,1569,22.97247796,1008.1791
0:00:19,-1.010404,0.065636,-0.01342,0.14,-1.26,-7.21,414,-329,1580,22.97247796,1008.1791
0:00:19,-1.009428,0.05246,0.011712,2.03,-2.03,-7.14,408,-331,1568,22.97247796,1008.1791
0:00:19,-1.011624,0.055876,-0.016104,-2.03,-2.03,-6.16,406,-345,1537,22.97247796,1008.1791
0:00:19,-1.004304,0.042456,0.002928,-2.38,-2.03,-6.37,440,-345,1540,22.97247796,1008.1791
0:00:19,-0.992104,0.035868,-0.011712,0.84,-2.03,-7.42,413,-315,1561,22.97247796,1008.1791
0:00:19,-1.00528,0.048312,-0.002196,0.07,-1.33,-6.65,425,-329,1567,22.97247796,1008.1791
0:00:19,-1.00772,0.059536,0.005124,-1.12,-0.98,-6.02,404,-325,1542,22.97247796,1008.1791
0:00:19,-1.001864,0.051484,-0.01098,-3.22,-1.19,-5.25,416,-315,1574,22.97247796,1008.1791
0:00:19,-1.060912,0.034648,-0.002684,-1.54,-1.33,-5.74,418,-305,1566,22.97247796,1008.1791
0:00:19,-1.0614,0.056608,-0.007076,-0.77,-0.98,-6.3,413,-299,1567,22.97247796,1008.1791
0:00:19,-1.014064,0.055876,0.006588,0.28,-2.66,-6.02,422,-313,1552,22.97247796,1008.1791
0:00:19,-1.002596,0.042212,-0.016592,-4.9,-2.1,-5.39,404,-319,1573,22.96255972,1008.16187
0:00:19,-1.011624,0.019764,0.004392,2.24,-3.22,-7.77,408,-309,1568,22.96255972,1008.16187
0:00:19,-0.937448,0.055632,0,5.39,-4.27,-7.91,408,-323,1547,22.96255972,1008.16187
0:00:19,-1.006988,0.075396,0.000976,-0.56,-3.57,-5.95,422,-303,1577,22.96255972,1008.16187
0:00:19,-0.991372,0.029524,0.003172,-3.22,-3.15,-5.53,419,-295,1559,22.96255972,1008.16187
0:00:19,-0.977464,0.05124,-0.011712,1.47,-2.59,-6.23,406,-301,1565,22.96255972,1008.16187
0:00:19,-0.997716,0.053924,0.015616,-7.98,1.26,-5.32,413,-313,1547,22.96255972,1008.16187
0:00:19,-1.009916,0.003416,0.011712,3.5,-1.54,-5.81,417,-311,1570,22.96255972,1008.16187
0:00:19,-0.991372,0.052216,-0.007564,9.38,-2.73,-5.46,421,-307,1574,22.96255972,1008.16187
0:00:19,-1.020164,0.060268,0.00854,3.5,-1.54,-5.39,437,-291,1544,22.96255972,1008.16187
0:00:20,-1.038952,0.05612,0.012688,-1.61,-2.31,-6.09,410,-313,1559,22.96255972,1008.16187
0:00:20,-1.019676,0.027328,0.003416,-3.43,-3.15,-7.49,424,-299,1557,22.96255972,1008.16187
0:00:20,-1.008696,0.053192,0.010248,-3.85,-2.87,-7.28,424,-311,1537,22.96255972,1008.16187
0:00:20,-0.998936,0.061244,0.007808,-8.33,-2.59,-6.79,414,-309,1554,22.96255972,1008.16187
0:00:20,-0.984052,0.02928,0.000732,-9.87,-1.54,-6.86,427,-311,1568,22.96255972,1008.16187
0:00:20,-0.990396,0.024156,0.009028,-1.54,-1.61,-7.77,412,-295,1567,22.96255972,1008.16187
0:00:20,-1.06018,0.049776,0.010004,-2.73,-0.42,-7.42,419,-309,1563,22.96255972,1008.16187
0:00:20,-1.009184,0.026596,0.016836,-0.42,-1.47,-7.14,412,-301,1783,22.96255972,1008.16187
0:00:20,-1.000644,0.0305,0.011224,7.42,-2.38,-6.44,406,-295,1545,22.96255972,1008.16187
0:00:20,-1.008452,0.042944,0.001708,3.64,-2.38,-5.18,410,-293,1532,22.96255972,1008.16187
0:00:20,-0.99796,0.022204,0.007564,3.71,-1.47,-6.72,439,-297,1573,22.96255972,1008.16187
0:00:20,-1.011136,0.026108,0.015372,10.85,-2.1,-8.12,422,-287,1542,22.96255972,1008.16187
0:00:20,-1.003572,0.067832,0.013664,6.86,-1.61,-6.44,424,-305,1541,22.96255972,1008.16187
0:00:20,-1.00528,0.031476,0.0122,1.26,-0.42,-5.53,414,-307,1562,22.97247796,1008.1791
0:00:20,-1.015772,0.018544,0.018788,8.26,-1.96,-6.65,410,-289,1549,22.97247796,1008.1791
0:00:20,-1.011136,0.045628,0.008296,5.95,-1.96,-5.46,429,-315,1547,22.97247796,1008.1791
0:00:20,-0.998204,0.040016,0.00122,1.54,-0.7,-4.97,418,-309,1562,22.97247796,1008.1791
0:00:20,-1.008696,0.036844,0.002196,-5.67,0.7,-5.46,412,-309,1563,22.97247796,1008.1791
0:00:20,-1.00406,0.0183,0.010248,-1.12,-0.28,-6.51,410,-299,1564,22.97247796,1008.1791
0:00:20,-0.991372,0.044408,0.004392,1.05,-0.07,-6.16,418,-303,1564,22.97247796,1008.1791
0:00:20,-1.007232,0.057096,-0.00366,-4.06,-0.49,-5.25,422,-289,1532,22.97247796,1008.1791
0:00:20,-1.029192,0.021716,0.016592,-8.61,-0.28,-5.67,408,-313,1547,22.97247796,1008.1791
0:00:20,-1.002108,0.0183,0.002684,0.35,-2.17,-7.07,400,-305,1537,22.97247796,1008.1791
0:00:20,-0.98698,0.052216,-0.00976,-1.61,-2.03,-5.11,400,-303,1549,22.97247796,1008.1791
0:00:20,-0.99796,0.029524,0.00366,-6.58,-1.12,-4.76,406,-299,1544,22.97247796,1008.1791
0:00:21,-1.01138,0.014884,0.021716,1.33,-1.54,-5.6,416,-321,1557,22.97247796,1008.1791
0:00:21,-1.025044,0.05246,0.008784,2.87,-2.17,-6.51,424,-299,1788,22.97247796,1008.1791
0:00:21,-1.011868,0.032696,0.006344,-1.33,-2.73,-5.53,420,-301,1545,22.97247796,1008.1791
0:00:21,-0.998692,0.029768,0.001952,0.14,-2.73,-5.67,404,-303,1549,22.97247796,1008.1791
0:00:21,-0.998448,0.049532,0.001464,-7.77,-0.28,-5.67,400,-297,1550,22.97247796,1008.1791
0:00:21,-0.9943,0.033916,0.008784,-6.86,0.84,-6.86,392,-289,1546,22.97247796,1008.1791
0:00:21,-1.012356,0.0427,0.016348,-7.77,0.91,-5.88,402,-273,1544,22.97247796,1008.1791
0:00:21,-1.020164,0.01708,0.006344,-2.1,-1.26,-5.18,410,-279,1545,22.97247796,1008.1791
0:00:21,-1.00894,0.036356,0.010492,2.52,-2.31,-6.09,374,-301,1537,22.97247796,1008.1791
0:00:21,-1.000888,0.050264,0.00244,-0.28,-1.68,-5.53,416,-275,1561,22.97247796,1008.1791
0:00:21,-1.005036,0.0427,0.002928,-3.29,-2.03,-4.83,416,-301,1561,22.97247796,1008.1791
0:00:21,-0.999424,0.034648,-0.002684,-7.91,-1.26,-5.67,414,-307,1526,22.96751884,1008.144782
0:00:21,-1.002596,0.028548,0.01708,-6.09,-0.98,-6.86,388,-279,1566,22.96751884,1008.144782
0:00:21,-0.991616,0.045384,0.012444,-4.97,-0.28,-7.14,406,-299,1542,22.96751884,1008.144782
0:00:21,-0.998936,0.030988,0.005368,-3.85,0.21,-7,410,-289,1526,22.96751884,1008.144782
0:00:21,-0.999912,-0.06222,-0.061488,2.52,-1.05,-7,394,-281,1528,22.96751884,1008.144782
0:00:21,-0.985272,0.028548,-0.061244,7,-1.05,-5.39,394,-267,1526,22.96751884,1008.144782
0:00:21,-1.011136,0.060024,-0.009516,0.49,1.4,-3.92,418,-287,1539,22.96751884,1008.144782
0:00:21,-1.02358,0.035624,0.028548,-7.84,0.77,-4.62,404,-295,1534,22.96751884,1008.144782
0:00:21,-1.02602,0.020008,0.017324,-2.1,-0.56,-5.88,405,-285,1541,22.96751884,1008.144782
0:00:21,-1.02358,0.051972,0.004636,0.49,-2.45,-6.51,396,-279,1536,22.96751884,1008.144782